"month","total_sales"
"2010-02-01 00:00:00+05","190332983.04"
"2010-03-01 00:00:00+05","181919802.50"
"2010-04-01 00:00:00+05","231412368.05"
"2010-05-01 00:00:00+05","186710934.34"
"2010-06-01 00:00:00+05","192246172.36"
"2010-07-01 00:00:00+05","232580125.98"
"2010-08-01 00:00:00+05","187640110.89"
"2010-09-01 00:00:00+05","177267896.37"
"2010-10-01 00:00:00+05","217161824.02"
"2010-11-01 00:00:00+05","202853370.14"
"2010-12-01 00:00:00+05","288760532.72"
"2011-01-01 00:00:00+05","163703966.83"
"2011-02-01 00:00:00+05","186331327.87"
"2011-03-01 00:00:00+05","179356448.29"
"2011-04-01 00:00:00+05","226526510.97"
"2011-05-01 00:00:00+05","181648158.16"
"2011-06-01 00:00:00+05","189773385.19"
"2011-07-01 00:00:00+05","229911398.87"
"2011-08-01 00:00:00+05","188599332.25"
"2011-09-01 00:00:00+05","220847738.42"
"2011-10-01 00:00:00+05","183261283.15"
"2011-11-01 00:00:00+05","210162354.87"
"2011-12-01 00:00:00+05","288078102.48"
"2012-01-01 00:00:00+05","168894471.66"
"2012-02-01 00:00:00+05","192063579.54"
"2012-03-01 00:00:00+05","231509650.49"
"2012-04-01 00:00:00+05","188920905.95"
"2012-05-01 00:00:00+05","188766479.45"
"2012-06-01 00:00:00+05","240610329.29"
"2012-07-01 00:00:00+05","187509452.40"
"2012-08-01 00:00:00+05","236850765.68"
"2012-09-01 00:00:00+05","180645544.47"
"2012-10-01 00:00:00+05","184361680.42"
